INSERT INTO rol (nombre) VALUES
('Cliente'),
('Proveedor'),
('Administrador');


INSERT INTO localidad (nombre, descripcion) VALUES
('Cúcuta', 'Comuna 1 - Centro'),
('Cúcuta', 'Comuna 2 - Oriental'),
('Cúcuta', 'Comuna 3 - Nororiental'),
('Cúcuta', 'Comuna 4 - Occidental'),
('Cúcuta', 'Comuna 5 - Suroccidental'),
('Cúcuta', 'Comuna 6 - Suroriental'),
('Cúcuta', 'Comuna 7 - Norte'),
('Cúcuta', 'Comuna 8 - Ciudadela La Libertad'),
('Cúcuta', 'Comuna 9 - Atalaya'),
('Cúcuta', 'Comuna 10 - Aeropuerto'),
('Cúcuta', 'Barrio El Centro'),
('Cúcuta', 'Barrio La Playa'),
('Cúcuta', 'Barrio San Luis'),
('Cúcuta', 'Barrio Blanco'),
('Cúcuta', 'Barrio Caobos'),
('Cúcuta', 'Barrio El Malecón'),
('Cúcuta', 'Barrio Prados del Este'),
('Cúcuta', 'Barrio Sevilla'),
('Cúcuta', 'Barrio La Concordia'),
('Cúcuta', 'Barrio Cundinamarca');


INSERT INTO estado (nombre) VALUES
('Activo'),
('Inactivo'),
('Pendiente'),
('En Proceso'),
('Completado'),
('Cancelado'),
('En Espera'),
('Devuelto'),
('Atrasado'),
('En Reparación'),
('Disponible'),
('No Disponible'),
('Reservado'),
('En Alquiler'),
('Entregado'),
('Recogido'),
('Facturado'),
('Pagado'),
('Anulado'),
('Archivado');

INSERT INTO categoria (nombre, descripcion) VALUES
('Electricas', 'Herramientas que usan electricidad (taladros, sierras).'),
('Manuales', 'Herramientas que no usan electricidad (martillos, llaves).'),
('Jardinería', 'Maquinaria para el cuidado de jardines (cortacésped, podadoras).'),
('Construccion', 'Herramientas para obras (mezcladoras, andamios).'),
('Medicion', 'Instrumentos para medir (cintas, niveles láser).');


INSERT INTO usuario (nombre1, nombre2, apellido1, apellido2, correo, telefono, direccion, username, password, id_localidad, id_rol) VALUES
('Ana', NULL, 'Gómez', 'Pérez', 'ana.gomez@email.com', '3101234567', 'Calle 10 # 5-15, Centro', 'anagomez', '$2a$10$abc1', 1, 1),
('Juan', 'Carlos', 'Díaz', 'Rojas', 'juan.diaz@email.com', '3209876543', 'Avenida 3 # 12-30, La Playa', 'juandiaz', '$2a$10$abc2', 2, 1),
('María', 'Fernanda', 'López', 'Castro', 'maria.lopez@email.com', '3001112233', 'Carrera 1 # 10-50, San Luis', 'marialopez', '$2a$10$abc3', 3, 1),
('Pedro', NULL, 'Ramírez', 'Vargas', 'pedro.ramirez@email.com', '3154445566', 'Diagonal 0 # 1-20, Barrio Blanco', 'pedroramirez', '$2a$10$abc4', 4, 1),
('Sofía', 'Alejandra', 'Martínez', 'Silva', 'sofia.martinez@email.com', '3017778899', 'Calle 12 # 3-45, Caobos', 'sofiamartinez', '$2a$10$abc5', 5, 1),
('Carlos', 'Andrés', 'García', 'Ruiz', 'carlos.garcia@email.com', '3120001122', 'Avenida 7 # 1-45, El Malecón', 'carlosgarcia', '$2a$10$abc6', 6, 2),
('Laura', 'Isabel', 'Hernández', 'Pardo', 'laura.hernandez@email.com', '3133334455', 'Calle 20 # 8-10, Prados del Este', 'laurahernandez', '$2a$10$abc7', 7, 2),
('Andrés', 'Felipe', 'Torres', 'Moreno', 'andres.torres@email.com', '3145556677', 'Carrera 5 # 15-25, Sevilla', 'andrestorres', '$2a$10$abc8', 8, 2),
('Daniela', NULL, 'Jiménez', 'Quintero', 'daniela.jimenez@email.com', '3168889900', 'Calle 18 # 7-50, La Concordia', 'danielajimenez', '$2a$10$abc9', 9, 2),
('Miguel', 'Ángel', 'Castro', 'Guerrero', 'miguel.castro@email.com', '3170001111', 'Avenida 0 # 2-75, Cundinamarca', 'miguelcastro', '$2a$10$abca', 10, 2),
('Elena', 'Patricia', 'Sánchez', 'Velasco', 'elena.sanchez@email.com', '3182223344', 'Calle 2 # 1-10, Centro', 'elenasanchez', '$2a$10$abcb', 11, 3),
('Ricardo', NULL, 'Muñoz', 'Ortega', 'ricardo.munoz@email.com', '3194445566', 'Carrera 8 # 3-20, Oriental', 'ricardomunoz', '$2a$10$abcc', 12, 3),
('Valeria', 'Carolina', 'Ruiz', 'Herrera', 'valeria.ruiz@email.com', '3216667788', 'Calle 15 # 6-40, Nororiental', 'valeriaruiz', '$2a$10$abcd', 13, 1),
('Fernando', 'José', 'Silva', 'Guzmán', 'fernando.silva@email.com', '3228889900', 'Avenida 4 # 9-10, Occidental', 'fernandosilva', '$2a$10$abce', 14, 1),
('Gabriela', NULL, 'Vargas', 'Mendoza', 'gabriela.vargas@email.com', '3230001122', 'Calle 25 # 11-55, Suroccidental', 'gabrielavargas', '$2a$10$abcf', 15, 1),
('Héctor', 'Manuel', 'Pardo', 'Salazar', 'hector.pardo@email.com', '3241112233', 'Carrera 10 # 14-30, Suroriental', 'hectorpardo', '$2a$10$abcg', 16, 2),
('Isabella', 'Victoria', 'Quintero', 'Fuentes', 'isabella.q@email.com', '3252223344', 'Calle 8 # 1-90, Norte', 'isabellaq', '$2a$10$abch', 17, 2),
('Javier', NULL, 'Reyes', 'Paz', 'javier.reyes@email.com', '3263334455', 'Avenida 5 # 7-15, Ciudadela La Libertad', 'javierreyes', '$2a$10$abci', 18, 3),
('Karen', 'Melissa', 'Soto', 'Díaz', 'karen.soto@email.com', '3274445566', 'Calle 30 # 2-5, Atalaya', 'karensoto', '$2a$10$abcj', 19, 1),
('Luis', 'Alberto', 'Vega', 'Cruz', 'luis.vega@email.com', '3285556677', 'Carrera 12 # 18-40, Aeropuerto', 'luisvega', '$2a$10$abck', 20, 1);

INSERT INTO detalle_proveedor (id_proveedor, nit, nombre_empresa, direccion, telefono, correo) VALUES
(6, '900123456-7', 'Herramientas Cúcuta S.A.S.', 'Calle 10 # 5-20, Centro, Cúcuta', '6075778899', 'contacto@hcsas.com'),
(7, '800987654-3', 'MaquiFerre del Norte', 'Av. Libertadores # 2-30, La Playa, Cúcuta', '6075889900', 'ventas@maqferre.com'),
(8, '700111222-1', 'Construcciones y Equipos Ltda.', 'Diagonal Santander # 13-100, San Luis, Cúcuta', '6075990011', 'info@cye.com'),
(9, '600333444-5', 'Jardín y Hogar Cúcuta', 'Calle 18 # 7-50, Barrio Blanco, Cúcuta', '6075112233', 'contacto@jyh.com'),
(10, '500555666-9', 'Servicios Industriales del Táchira', 'Avenida 0 # 2-75, Caobos, Cúcuta', '6075223344', 'gerencia@sit.com'),
(6, '900123457-8', 'Distribuidora de Herramientas del Oriente', 'Carrera 1 # 1-1, El Malecón, Cúcuta', '6075334455', 'contacto@dho.com'),
(7, '800987655-4', 'Equipos Pesados del Norte', 'Calle 20 # 8-10, Prados del Este, Cúcuta', '6075445566', 'ventas@epn.com'),
(8, '700111223-2', 'Ferretería Central Cúcuta', 'Carrera 5 # 15-25, Sevilla, Cúcuta', '6075667788', 'info@ferreteriacentral.com'),
(9, '600333445-6', 'Centro de Alquiler de Maquinaria', 'Calle 18 # 7-51, La Concordia, Cúcuta', '6075778890', 'alquiler@cam.com'),
(10, '500555667-0', 'Suministros y Herramientas del Zulia', 'Avenida 0 # 2-76, Cundinamarca, Cúcuta', '6075889901', 'gerencia@syhz.com'),
(6, '900123458-9', 'TecnoHerramientas Cúcuta', 'Calle 11 # 6-25, Centro, Cúcuta', '6075990012', 'info@thc.com'),
(7, '800987656-5', 'Maquinaria y Soluciones SAS', 'Av. 4 # 10-50, La Playa, Cúcuta', '6075001122', 'contacto@mys.com'),
(8, '700111224-3', 'Herramientas Premium', 'Carrera 2 # 11-15, San Luis, Cúcuta', '6075112234', 'ventas@hp.com'),
(9, '600333446-7', 'Jardinería Profesional Cúcuta', 'Diagonal 1 # 2-30, Barrio Blanco, Cúcuta', '6075223345', 'alquiler@jpc.com'),
(10, '500555668-1', 'Equipos para Obra Civil', 'Calle 13 # 4-60, Caobos, Cúcuta', '6075334456', 'contacto@eoc.com'),
(6, '900123459-0', 'Herramientas de Precisión', 'Avenida 8 # 2-20, El Malecón, Cúcuta', '6075445567', 'info@hdp.com'),
(7, '800987657-6', 'Maquinaria Ligera y Pesada', 'Calle 21 # 9-15, Prados del Este, Cúcuta', '6075556678', 'ventas@mylp.com'),
(8, '700111225-4', 'Suministros de Construcción', 'Carrera 6 # 16-35, Sevilla, Cúcuta', '6075667789', 'contacto@sdc.com'),
(9, '600333447-8', 'Alquiler de Herramientas Express', 'Calle 19 # 8-60, La Concordia, Cúcuta', '6075778891', 'alquiler@ahe.com'),
(10, '500555669-2', 'Soluciones de Equipos y Herramientas', 'Avenida 1 # 3-80, Cundinamarca, Cúcuta', '6075889902', 'info@seh.com');

INSERT INTO inventario (id_proveedor_usuario, fecha, stock) VALUES
(6, '2025-05-01 10:00:00', 50),
(7, '2025-05-02 11:30:00', 75),
(8, '2025-05-03 14:00:00', 30),
(9, '2025-05-04 09:15:00', 100),
(10, '2025-05-05 16:45:00', 40),
(6, '2025-05-06 08:00:00', 60),
(7, '2025-05-07 13:00:00', 80),
(8, '2025-05-08 10:45:00', 25),
(9, '2025-05-09 17:00:00', 90),
(10, '2025-05-10 11:00:00', 35),
(6, '2025-05-11 14:30:00', 55),
(7, '2025-05-12 09:00:00', 70),
(8, '2025-05-13 12:15:00', 32),
(9, '2025-05-14 15:00:00', 95),
(10, '2025-05-15 10:30:00', 42),
(6, '2025-05-16 16:00:00', 65),
(7, '2025-05-17 08:30:00', 85),
(8, '2025-05-18 13:45:00', 28),
(9, '2025-05-19 10:00:00', 92),
(10, '2025-05-20 15:15:00', 38);

INSERT INTO herramienta (nombre, url_image, id_inventario, id_categoria) VALUES
('Taladro Percutor 850W', 'https://hogarmexicano.com.mx/wp-content/uploads/2019/09/truper-taladro.jpg', 1, 1),
('Sierra Circular 1200W', 'https://tse1.mm.bing.net/th?id=OIP._1IEe__84rcQgh9qvayXEAHaHa&pid=Api&P=0&h=180', 2, 1),
('Martillo Demoledor 10kg', 'https://www.herramientasavi.com/wp-content/uploads/2023/09/D25901K-B3-1.0.jpg', 3, 4),
('Set Destornilladores', 'https://tse1.mm.bing.net/th?id=OIP.xn-7p4hykvSEjSHdtnkJbwHaGU&pid=Api&P=0&h=180', 4, 2),
('Cortacésped Gasolina 4HP', 'https://media.jardineriadelvalles.com/c/product/maquina-cortacesped-gasolina-4hp-ohv-de-omega-modelo-c400-520x520.jpeg', 5, 3),
('Nivel Láser Cruzado', 'https://tse1.mm.bing.net/th?id=OIP.sLX_H6n8bhDNX5DtNV6lRwHaHa&pid=Api&P=0&h=180', 6, 5),
('Amoladora Angular 750W', 'https://f.fcdn.app/imgs/f9a801/herramientastotal.com/totauy/af0a/original/catalogo/TG10711556_TG10711556_1/2000-2000/amoladora-angular-4-1-2-750w-amoladora-angular-4-1-2-750w.jpg', 7, 1),
('Mezcladora de Concreto 1 saco', 'https://www.antarix.com.mx/wp-content/uploads/2022/11/REVOLVEDORA-DE-CONCRETO-VEKCER-RA1SUK10.jpg', 8, 4),
('Compresor de Aire 50L', 'https://tse2.mm.bing.net/th?id=OIP.T1I8tM461uT0Iy0jKQOBxgHaHa&pid=Api&P=0&h=180', 9, 1),
('Llave de Impacto Eléctrica', 'https://belltec.com.co/6907-large_default/llave-de-impacto-12-2100-rpm-467-nm-dewalt-dw293.jpg', 10, 1),
('Set de Llaves Fijas (8 pzas)', 'https://tecnihogar.es/14190-large_default/juego-de-llaves-fijas-8-piezas.jpg', 11, 2),
('Podadora de Altura', 'https://http2.mlstatic.com/D_NQ_NP_941054-MLA31053302254_062019-F.jpg', 12, 3),
('Andamio Tubular', 'https://tse1.mm.bing.net/th?id=OIP.JlH5PS6pvTR6zdDP5Ck11QHaHa&pid=Api&P=0&h=180', 13, 4),
('Medidor de Distancia Láser', 'https://tse2.mm.bing.net/th?id=OIP.qZWGhoI994EetZAmRM8saAHaHa&pid=Api&P=0&h=180', 14, 5),
('Pistola de Calor', 'https://masterherramientas.com/wp-content/uploads/2023/03/2012004-4.jpg', 15, 1),
('Cizalla para Varillas', 'https://http2.mlstatic.com/D_NQ_NP_694422-MLM48349127331_112021-W.jpg', 16, 4),
('Desbrozadora a Gasolina', 'https://tse3.mm.bing.net/th?id=OIP.Hq4hMAK5g9DTp_e--TwtkgHaHa&pid=Api&P=0&h=180', 17, 3),
('Set de Brocas (20 pzas)', 'https://m.media-amazon.com/images/I/91+LZC17EmL._AC_SL1500_.jpg', 18, 2),
('Bomba de Agua Sumergible', 'https://continenteferretero.com/22234-large_default/bomba-de-agua-sumergible-para-agua-limpia-1-2-hp-altura-65-mts-makita-pf0403.jpg', 19, 4),
('Detector de Metales', 'https://tse2.mm.bing.net/th?id=OIP.0nd3P1lyCiKHaQ6wTISE8QHaHa&pid=Api&P=0&h=180', 20, 5);

INSERT INTO detalle_herramienta (id_herramienta, marca, modelo, precio_diario, descripcion) VALUES
(1, 'Bosch', 'GBH 2-26 DFR', 25000.00, 'Taladro percutor de alto rendimiento para concreto.'),
(2, 'DeWalt', 'DWE575', 35000.00, 'Sierra circular profesional para cortes precisos en madera.'),
(3, 'Makita', 'HM1307C', 80000.00, 'Martillo demoledor robusto para trabajos pesados.'),
(4, 'Stanley', '60-100', 10000.00, 'Set de destornilladores magnéticos con puntas variadas.'),
(5, 'Husqvarna', 'LC 121P', 45000.00, 'Cortacésped a gasolina con ancho de corte de 50cm.'),
(6, 'Stabila', 'LAX 300 G', 20000.00, 'Nivel láser autonivelante de líneas cruzadas.'),
(7, 'Black+Decker', 'G720', 28000.00, 'Amoladora angular con motor potente para desbaste.'),
(8, 'Cipsa', 'Maxi 160', 70000.00, 'Mezcladora de concreto de 1 saco, eléctrica.'),
(9, 'Shimge', 'SG-50L', 30000.00, 'Compresor de aire con tanque de 50 litros.'),
(10, 'Milwaukee', '2767-20', 40000.00, 'Llave de impacto de 1/2 pulgada, inalámbrica.'),
(11, 'Bahco', 'BE-9881', 12000.00, 'Set de llaves fijas combinadas, cromo vanadio.'),
(12, 'Stihl', 'HT 103', 55000.00, 'Podadora de altura telescópica, motor 4-MIX.'),
(13, 'Layher', 'Uni-Standard', 60000.00, 'Andamio modular de acero galvanizado, fácil montaje.'),
(14, 'Leica', 'Distro D2', 22000.00, 'Medidor de distancia láser con Bluetooth.'),
(15, 'Dewalt', 'D26960', 18000.00, 'Pistola de calor con control de temperatura variable.'),
(16, 'Truper', '10185', 28000.00, 'Cizalla manual para corte de varillas hasta 16mm.'),
(17, 'Kawasaki', 'KBL27B', 48000.00, 'Desbrozadora a gasolina, motor de 2 tiempos.'),
(18, 'Bosch', '2608587010', 15000.00, 'Set de brocas para metal, madera y concreto.'),
(19, 'Pedrollo', 'JCR 10M', 38000.00, 'Bomba de agua sumergible para aguas limpias.'),
(20, 'Garrett', 'Ace 400i', 30000.00, 'Detector de metales con identificador de objetivo digital.');

INSERT INTO herramienta_mantenimiento (id_herramienta, fecha, descripcion, costo, id_estado) VALUES
(1, '2025-04-01 09:00:00', 'Cambio de escobillas y lubricación general.', 50000.00, 10),
(2, '2025-04-05 10:30:00', 'Ajuste de guía y afilado de disco.', 35000.00, 5),
(3, '2025-04-10 14:00:00', 'Revisión de motor y sistema de percusión.', 120000.00, 10),
(4, '2025-04-15 11:00:00', 'Limpieza y revisión de puntas.', 8000.00, 5),
(5, '2025-04-20 08:45:00', 'Cambio de aceite y filtro de aire.', 60000.00, 10),
(6, '2025-04-25 15:30:00', 'Calibración de nivel y revisión de láser.', 25000.00, 5),
(7, '2025-04-28 10:00:00', 'Reemplazo de disco y revisión de seguridad.', 40000.00, 10),
(8, '2025-05-01 13:00:00', 'Limpieza de tolva y revisión de aspas.', 90000.00, 5),
(9, '2025-05-03 09:30:00', 'Revisión de fugas y cambio de válvulas.', 45000.00, 10),
(10, '2025-05-05 11:00:00', 'Revisión de batería y ajuste de torque.', 55000.00, 5),
(11, '2025-05-07 14:00:00', 'Limpieza y lubricación.', 10000.00, 5),
(12, '2025-05-09 10:00:00', 'Afilado de cadena y revisión de motor.', 70000.00, 10),
(13, '2025-05-11 08:00:00', 'Inspección de estructura y seguridad.', 80000.00, 5),
(14, '2025-05-13 16:00:00', 'Calibración y prueba de precisión.', 30000.00, 5),
(15, '2025-05-15 12:00:00', 'Revisión de resistencia y boquillas.', 20000.00, 10),
(16, '2025-05-17 09:00:00', 'Afilado de cuchillas y lubricación.', 35000.00, 5),
(17, '2025-05-19 11:00:00', 'Revisión de motor y sistema de corte.', 65000.00, 10),
(18, '2025-05-21 14:00:00', 'Inspección de brocas y estuche.', 12000.00, 5),
(19, '2025-05-23 09:00:00', 'Revisión de motor y sellos.', 50000.00, 10),
(20, '2025-05-25 10:30:00', 'Calibración y prueba de sensibilidad.', 35000.00, 5);


INSERT INTO reserva (cantidad, id_cliente, id_herramienta, fecha_inicio, fecha_fin, id_estado, costo_total) VALUES
(1, 1, 1, '2025-05-22', '2025-05-25', 1, 75000.00), 
(1, 2, 2, '2025-05-23', '2025-05-26', 2, 105000.00),
(1, 3, 3, '2025-05-24', '2025-05-27', 3, 240000.00),
(1, 4, 4, '2025-05-25', '2025-05-28', 4, 30000.00),
(1, 5, 5, '2025-05-26', '2025-05-29', 5, 135000.00),
(1, 13, 6, '2025-05-27', '2025-05-30', 6, 60000.00),
(1, 14, 7, '2025-05-28', '2025-05-31', 7, 84000.00),
(1, 15, 8, '2025-05-29', '2025-06-01', 8, 210000.00),
(1, 19, 9, '2025-05-30', '2025-06-02', 9, 90000.00),
(1, 20, 10, '2025-05-31', '2025-06-03', 10, 120000.00),
(1, 1, 11, '2025-05-10', '2025-05-12', 5, 24000.00),
(1, 2, 12, '2025-05-11', '2025-05-13', 5, 110000.00),
(1, 3, 13, '2025-05-12', '2025-05-14', 5, 180000.00),
(1, 4, 14, '2025-05-13', '2025-05-15', 5, 44000.00),
(1, 5, 15, '2025-05-14', '2025-05-16', 5, 54000.00),
(1, 13, 16, '2025-05-01', '2025-05-03', 6, 70000.00),
(1, 14, 17, '2025-05-02', '2025-05-04', 6, 144000.00),
(1, 15, 18, '2025-05-03', '2025-05-05', 6, 36000.00),
(1, 19, 19, '2025-05-04', '2025-05-06', 6, 114000.00),
(1, 20, 20, '2025-05-05', '2025-05-07', 6, 90000.00);


INSERT INTO alquiler (id_reserva, fecha_alquiler, fecha_esperando, estado, fecha_entrega) VALUES
(1, '2025-05-22 10:00:00', '2025-05-25', 14, NULL),
(2, '2025-05-23 11:00:00', '2025-05-26', 14, NULL),
(3, '2025-05-24 12:00:00', '2025-05-27', 14, NULL),
(4, '2025-05-25 13:00:00', '2025-05-28', 14, NULL),
(5, '2025-05-26 14:00:00', '2025-05-29', 14, NULL),
(6, '2025-05-27 15:00:00', '2025-05-30', 14, NULL),
(7, '2025-05-28 16:00:00', '2025-05-31', 14, NULL),
(8, '2025-05-29 17:00:00', '2025-06-01', 14, NULL),
(9, '2025-05-30 09:00:00', '2025-06-02', 14, NULL),
(10, '2025-05-31 10:00:00', '2025-06-03', 14, NULL),
(11, '2025-05-10 10:00:00', '2025-05-12', 15, '2025-05-12 15:00:00'),
(12, '2025-05-11 11:00:00', '2025-05-13', 15, '2025-05-13 16:00:00'),
(13, '2025-05-12 12:00:00', '2025-05-14', 15, '2025-05-14 17:00:00'),
(14, '2025-05-13 13:00:00', '2025-05-15', 15, '2025-05-15 18:00:00'),
(15, '2025-05-14 14:00:00', '2025-05-16', 15, '2025-05-16 19:00:00'),
(16, '2025-05-01 09:00:00', '2025-05-03', 6, NULL),
(17, '2025-05-02 10:00:00', '2025-05-04', 6, NULL),
(18, '2025-05-03 11:00:00', '2025-05-05', 6, NULL),
(19, '2025-05-04 12:00:00', '2025-05-06', 6, NULL),
(20, '2025-05-05 13:00:00', '2025-05-07', 6, NULL);

INSERT INTO devoluciones (id_alquiler, fecha, comentarios, id_estado) VALUES
(11, '2025-05-12 16:00:00', 'Devolución normal, herramienta en buen estado.', 8),
(12, '2025-05-13 17:00:00', 'Devolución normal, herramienta en buen estado.', 8),
(13, '2025-05-14 18:00:00', 'Devolución normal, herramienta en buen estado.', 8),
(14, '2025-05-15 19:00:00', 'Devolución normal, herramienta en buen estado.', 8),
(15, '2025-05-16 20:00:00', 'Devolución normal, herramienta en buen estado.', 8),
(1, '2025-05-26 09:00:00', 'Devolución atrasada, herramienta con leve desgaste.', 9),
(2, '2025-05-27 10:00:00', 'Devolución atrasada, requiere limpieza profunda.', 9),
(3, '2025-05-28 11:00:00', 'Devolución atrasada, posible falla de motor.', 9),
(4, '2025-05-29 12:00:00', 'Devolución atrasada, faltan accesorios.', 9),
(5, '2025-05-30 13:00:00', 'Devolución atrasada, daño superficial.', 9),
(6, '2025-05-31 14:00:00', 'Devolución normal, herramienta en buen estado.', 8),
(7, '2025-06-01 15:00:00', 'Devolución normal, herramienta en buen estado.', 8),
(8, '2025-06-02 16:00:00', 'Devolución normal, herramienta en buen estado.', 8),
(9, '2025-06-03 17:00:00', 'Devolución normal, herramienta en buen estado.', 8),
(10, '2025-06-04 18:00:00', 'Devolución normal, herramienta en buen estado.', 8),
(16, '2025-05-04 10:00:00', 'Reserva cancelada, no se llegó a alquilar.', 19),
(17, '2025-05-05 11:00:00', 'Reserva cancelada, no se llegó a alquilar.', 19),
(18, '2025-05-06 12:00:00', 'Reserva cancelada, no se llegó a alquilar.', 19),
(19, '2025-05-07 13:00:00', 'Reserva cancelada, no se llegó a alquilar.', 19),
(20, '2025-05-08 14:00:00', 'Reserva cancelada, no se llegó a alquilar.', 19);

INSERT INTO multas (id_Usuario, descripcion, costo, fecha) VALUES
(1, 'Retraso en devolución de Taladro (1 día).', 25000.00, '2025-05-26 10:00:00'),
(2, 'Retraso en devolución de Sierra (1 día).', 35000.00, '2025-05-27 11:00:00'),
(3, 'Daño menor en Martillo Demoledor (rayones).', 50000.00, '2025-05-28 12:00:00'),
(4, 'Pérdida de un destornillador del set.', 15000.00, '2025-05-29 13:00:00'),
(5, 'Retraso en devolución de Cortacésped (2 días).', 90000.00, '2025-05-31 14:00:00'),
(6, 'Retraso en devolución de Nivel Láser (1 día).', 20000.00, '2025-05-31 15:00:00'),
(7, 'Daño en cable de Amoladora.', 30000.00, '2025-06-01 16:00:00'),
(8, 'Retraso en devolución de Mezcladora (1 día).', 70000.00, '2025-06-02 17:00:00'),
(9, 'Falta de limpieza en Compresor.', 10000.00, '2025-06-03 09:00:00'),
(10, 'Retraso en devolución de Llave de Impacto (2 días).', 80000.00, '2025-06-05 10:00:00'),
(11, 'Retraso en devolución de Llaves Fijas (1 día).', 12000.00, '2025-05-13 11:00:00'),
(12, 'Daño menor en Podadora de Altura.', 40000.00, '2025-05-14 12:00:00'),
(13, 'Retraso en devolución de Andamio (3 días).', 180000.00, '2025-05-17 13:00:00'),
(14, 'Pérdida de estuche de Medidor Láser.', 5000.00, '2025-05-16 14:00:00'),
(15, 'Retraso en devolución de Pistola de Calor (1 día).', 18000.00, '2025-05-17 15:00:00'),
(1, 'Daño adicional en Taladro.', 15000.00, '2025-05-27 09:00:00'),
(2, 'Multa por uso indebido de Sierra.', 20000.00, '2025-05-28 10:00:00'),
(3, 'Multa por suciedad excesiva en Martillo.', 10000.00, '2025-05-29 11:00:00'),
(4, 'Multa por devolver destornilladores sin caja.', 5000.00, '2025-05-30 12:00:00'),
(5, 'Multa por combustible no incluido en Cortacésped.', 10000.00, '2025-06-01 13:00:00');

INSERT INTO forma_pago (metodopago) VALUES
('Tarjeta de Crédito'),
('Transferencia Bancaria'),
('Nequi'),
('Daviplata'),
('PSE'),
('PayPal'),
('Tarjeta Débito');

INSERT INTO pago ( id_reserva, id_Forma_Pago, monto, fecha) VALUES
( 1, 1, 75000.00, '2025-05-22 09:30:00'),
( 2, 2, 105000.00, '2025-05-23 10:30:00'),
( 3, 3, 240000.00, '2025-05-24 11:30:00'),
( 4, 4, 30000.00, '2025-05-25 12:30:00'),
( 5, 5, 135000.00, '2025-05-26 13:30:00'),
( 6, 6, 60000.00, '2025-05-27 14:30:00'),
( 7, 7, 84000.00, '2025-05-28 15:30:00'),
( 8, 1, 210000.00, '2025-05-29 16:30:00'),
( 9, 2, 90000.00, '2025-05-30 08:30:00'),
( 10, 3, 120000.00, '2025-05-31 09:30:00'),
( 11, 4, 24000.00, '2025-05-10 09:00:00'),
( 12, 5, 110000.00, '2025-05-11 10:00:00'),
( 13, 6, 180000.00, '2025-05-12 11:00:00'),
( 14, 7, 44000.00, '2025-05-13 12:00:00'),
( 15, 1, 54000.00, '2025-05-14 13:00:00'),
( 16, 2, 70000.00, '2025-05-01 08:00:00'),
( 17, 3, 144000.00, '2025-05-02 09:00:00'),
( 18, 4, 36000.00, '2025-05-03 10:00:00'),
( 19, 5, 114000.00, '2025-05-04 11:00:00'),
( 20, 6, 90000.00, '2025-05-05 12:00:00');

INSERT INTO factura (id_pago, numero_factura, fecha, monto_total) VALUES
(1, 'FAC-20250522-001', '2025-05-22 10:00:00', 75000.00),
(2, 'FAC-20250523-002', '2025-05-23 11:00:00', 105000.00),
(3, 'FAC-20250524-003', '2025-05-24 12:00:00', 240000.00),
(4, 'FAC-20250525-004', '2025-05-25 13:00:00', 30000.00),
(5, 'FAC-20250526-005', '2025-05-26 14:00:00', 135000.00),
(6, 'FAC-20250527-006', '2025-05-27 15:00:00', 60000.00),
(7, 'FAC-20250528-007', '2025-05-28 16:00:00', 84000.00),
(8, 'FAC-20250529-008', '2025-05-29 17:00:00', 210000.00),
(9, 'FAC-20250530-009', '2025-05-30 09:00:00', 90000.00),
(10, 'FAC-20250531-010', '2025-05-31 10:00:00', 120000.00),
(11, 'FAC-20250510-011', '2025-05-10 09:00:00', 24000.00),
(12, 'FAC-20250511-012', '2025-05-11 10:00:00', 110000.00),
(13, 'FAC-20250512-013', '2025-05-12 11:00:00', 180000.00),
(14, 'FAC-20250513-014', '2025-05-13 12:00:00', 44000.00),
(15, 'FAC-20250514-015', '2025-05-14 13:00:00', 54000.00),
(16, 'FAC-20250501-016', '2025-05-01 08:00:00', 70000.00),
(17, 'FAC-20250502-017', '2025-05-02 09:00:00', 144000.00),
(18, 'FAC-20250503-018', '2025-05-03 10:00:00', 36000.00),
(19, 'FAC-20250504-019', '2025-05-04 11:00:00', 114000.00),
(20, 'FAC-20250505-020', '2025-05-05 12:00:00', 90000.00);


INSERT INTO detalle_factura (id_factura, cantidad, descripcion, monto_unitario) VALUES
(1, 1, 'Alquiler Taladro Percutor (3 días)', 75000.00),
(2, 1, 'Alquiler Sierra Circular (3 días)', 105000.00),
(3, 1, 'Alquiler Martillo Demoledor (3 días)', 240000.00),
(4, 1, 'Alquiler Set Destornilladores (3 días)', 30000.00),
(5, 1, 'Alquiler Cortacésped Gasolina (3 días)', 135000.00),
(6, 1, 'Alquiler Nivel Láser Cruzado (3 días)', 60000.00),
(7, 1, 'Alquiler Amoladora Angular (3 días)', 84000.00),
(8, 1, 'Alquiler Mezcladora de Concreto (3 días)', 210000.00),
(9, 1, 'Alquiler Compresor de Aire (3 días)', 90000.00),
(10, 1, 'Alquiler Llave de Impacto Eléctrica (3 días)', 120000.00),
(11, 1, 'Alquiler Set de Llaves Fijas (2 días)', 24000.00),
(12, 1, 'Alquiler Podadora de Altura (2 días)', 110000.00),
(13, 1, 'Alquiler Andamio Tubular (2 días)', 180000.00),
(14, 1, 'Alquiler Medidor de Distancia Láser (2 días)', 44000.00),
(15, 1, 'Alquiler Pistola de Calor (2 días)', 54000.00),
(16, 1, 'Alquiler Cizalla para Varillas (Cancelado)', 70000.00),
(17, 1, 'Alquiler Desbrozadora a Gasolina (Cancelado)', 144000.00),
(18, 1, 'Alquiler Set de Brocas (Cancelado)', 36000.00),
(19, 1, 'Alquiler Bomba de Agua Sumergible (Cancelado)', 114000.00),
(20, 1, 'Alquiler Detector de Metales (Cancelado)', 90000.00);

INSERT INTO notificaciones (id_usuario, id_alquiler, mensaje, fecha_envio, leida, id_herramienta) VALUES
(1, 1, 'Tu alquiler de Taladro Percutor ha sido confirmado.', '2025-05-22 10:05:00', FALSE, 1),
(2, 2, 'Recordatorio: Tu alquiler de Sierra Circular vence mañana.', '2025-05-25 09:00:00', FALSE, 2),
(3, 3, 'Tu Martillo Demoledor ha sido entregado.', '2025-05-24 12:30:00', TRUE, 3),
(4, NULL, '¡Bienvenido a JYV Tools! Explora nuestras herramientas.', '2025-05-01 08:00:00', TRUE, NULL),
(5, 5, 'Tu Cortacésped Gasolina está listo para recogida.', '2025-05-26 14:15:00', FALSE, 5),
(6, NULL, 'Nuevo pedido de herramientas de tu empresa.', '2025-05-20 11:00:00', TRUE, NULL),
(7, 7, 'Mantenimiento preventivo de Amoladora Angular programado.', '2025-05-28 16:30:00', FALSE, 7),
(8, 8, 'Tu Mezcladora de Concreto ha sido devuelta.', '2025-06-02 10:00:00', TRUE, 8),
(9, 9, 'Oferta especial: 10% de descuento en alquiler de Compresores.', '2025-05-15 10:00:00', FALSE, 9),
(10, 10, 'Factura #FAC-20250531-010 disponible para descarga.', '2025-05-31 10:30:00', FALSE, 10),
(11, NULL, 'Actualización de seguridad en tu cuenta de administrador.', '2025-05-10 14:00:00', TRUE, NULL),
(12, NULL, 'Reporte mensual de ingresos disponible.', '2025-05-01 09:00:00', TRUE, NULL),
(13, 13, 'Tu reserva de Andamio Tubular ha sido modificada.', '2025-05-12 12:00:00', FALSE, 13),
(14, 14, 'El Medidor de Distancia Láser requiere mantenimiento.', '2025-05-13 13:00:00', FALSE, 14),
(15, 15, 'Tu alquiler de Pistola de Calor ha finalizado.', '2025-05-16 19:30:00', TRUE, 15),
(16, 16, 'Tu reserva de Cizalla para Varillas ha sido cancelada.', '2025-05-01 09:10:00', TRUE, 16),
(17, 17, 'Recordatorio: Tu Desbrozadora a Gasolina está pendiente de devolución.', '2025-05-04 09:00:00', FALSE, 17),
(18, 18, 'Multa generada por retraso en devolución de Set de Brocas.', '2025-05-06 10:00:00', FALSE, 18),
(19, 19, 'Tu Bomba de Agua Sumergible ha sido devuelta con daños.', '2025-05-07 11:00:00', FALSE, 19),
(20, 20, 'Tu alquiler de Detector de Metales ha sido completado.', '2025-05-08 12:00:00', TRUE, 20);

INSERT INTO entrega (estado, id_alquiler, direccion_entrega, fecha, costo) VALUES
('En Alquiler', 1, 'Calle 10 # 5-15, Centro, Cúcuta', '2025-05-22 10:30:00', 10000.00),
('En Alquiler', 2, 'Avenida 3 # 12-30, La Playa, Cúcuta', '2025-05-23 11:30:00', 12000.00),
('Entregado', 3, 'Carrera 1 # 10-50, San Luis, Cúcuta', '2025-05-24 12:30:00', 8000.00),
('En Alquiler', 4, 'Diagonal 0 # 1-20, Barrio Blanco, Cúcuta', '2025-05-25 13:30:00', 11000.00),
('Entregado', 5, 'Calle 12 # 3-45, Caobos, Cúcuta', '2025-05-26 14:30:00', 9500.00),
('En Alquiler', 6, 'Avenida 7 # 1-45, El Malecón, Cúcuta', '2025-05-27 15:30:00', 10500.00),
('Entregado', 7, 'Calle 20 # 8-10, Prados del Este, Cúcuta', '2025-05-28 16:30:00', 13000.00),
('En Alquiler', 8, 'Carrera 5 # 15-25, Sevilla, Cúcuta', '2025-05-29 17:30:00', 11500.00),
('Entregado', 9, 'Calle 18 # 7-50, La Concordia, Cúcuta', '2025-05-30 09:30:00', 9000.00),
('En Alquiler', 10, 'Avenida 0 # 2-75, Cundinamarca, Cúcuta', '2025-05-31 10:30:00', 12500.00),
('Entregado', 11, 'Calle 2 # 1-10, Centro, Cúcuta', '2025-05-10 10:30:00', 8500.00),
('Entregado', 12, 'Carrera 8 # 3-20, Oriental, Cúcuta', '2025-05-11 11:30:00', 10000.00),
('Entregado', 13, 'Calle 15 # 6-40, Nororiental, Cúcuta', '2025-05-12 12:30:00', 9000.00),
('Entregado', 14, 'Avenida 4 # 9-10, Occidental, Cúcuta', '2025-05-13 13:30:00', 11000.00),
('Entregado', 15, 'Calle 25 # 11-55, Suroccidental, Cúcuta', '2025-05-14 14:30:00', 9800.00),
('Pendiente Aprobacion', 16, 'Carrera 10 # 14-30, Suroriental, Cúcuta', '2025-05-01 09:00:00', 0.00),
('Pendiente Aprobacion', 17, 'Calle 8 # 1-90, Norte, Cúcuta', '2025-05-02 10:00:00', 0.00),
('Pendiente Aprobacion', 18, 'Avenida 5 # 7-15, Ciudadela La Libertad, Cúcuta', '2025-05-03 11:00:00', 0.00),
('Pendiente Aprobacion', 19, 'Calle 30 # 2-5, Atalaya, Cúcuta', '2025-05-04 12:00:00', 0.00),
('Pendiente Aprobacion', 20, 'Carrera 12 # 18-40, Aeropuerto, Cúcuta', '2025-05-05 13:00:00', 0.00);