
INSERT INTO roles (nombre) VALUES 
('administrador'), 
('cliente'), 
('proveedor');


INSERT INTO localidades (nombre, descripcion) VALUES
('La Libertad', 'zona suroriental, cerca de la Av. 10E'),
('San Luis', 'sector occidental, vía a San Faustino'),
('Caobos', 'zona céntrica, al norte del centro comercial Ventura Plaza'),
('Blanco', 'zona sur, cerca del terminal de transportes'),
('Cecilio Acosta', 'zona norte, cerca del barrio Colsag'),
('Bellavista', 'zona nororiental, colindante con el barrio Sevilla'),
('Aeropuerto', 'aledaño al Aeropuerto Camilo Daza'),
('Claret', 'zona oriental, entre El Desierto y Prados Norte'),
('Motilones', 'sector suroriental, cerca del Anillo Vial Occidental'),
('Torcoroma', 'zona nororiental, cerca del estadio General Santander'),
('Panamericano', 'zona norte, cerca de la Av. 0'),
('Lleras', 'zona céntrica, a pocos metros del centro de Cúcuta'),
('San Rafael', 'zona sur, cercano a la salida hacia Pamplona'),
('Guaimaral', 'zona norte, detrás de la Avenida Libertadores'),
('Niza', 'sector norte, vía a los Patios'),
('El Rosal', 'zona nororiental, en cercanías al barrio Colpet'),
('San Mateo', 'zona suroriental, colindante con Belén'),
('Los Olivos', 'zona sur, cerca de la urbanización Prados del Este'),
('La Ínsula', 'zona central, próximo al Malecón'),
('La Ceiba', 'zona oriental, cerca de la avenida Gran Colombia');


INSERT INTO categorias (nombre, descripcion) VALUES 
('manuales', 'Herramientas que se utilizan sin energía eléctrica ni neumática'), 
('eléctricas', 'Herramientas que funcionan con electricidad'), 
('neumáticas', 'Herramientas que funcionan con aire comprimido');


INSERT INTO estados (nombre) VALUES 
('Disponible'),
('En mantenimiento'),
('Reservado'),
('No disponible'),
('En reparación'),
('Pendiente de devolución'),
('Dañado'),
('En tránsito'),
('Inspección'),
('Listo para alquilar'),
('Asignado'),
('Entregado'),
('Cancelado'),
('Vencido'),
('Pagado'),
('Rechazado'),
('En espera'),
('Devuelto'),
('Multado'),
('Revisado');


INSERT INTO usuarios (nombre1, nombre2, apellido1, apellido2, correo, id_rol, id_localidad, telefono, direccion) VALUES
('Juan', 'Carlos', 'Pérez', 'Gómez', 'juan.perez@example.com', 1, 3, '3001234567', 'Calle 10 #23-45'),
('Ana', 'María', 'Ríos', 'Torres', 'ana.rios@example.com', 2, 5, '3102345678', 'Carrera 7 #89-12'),
('Luis', 'Fernando', 'Martínez', 'Díaz', 'luis.martinez@example.com', 3, 8, '3113456789', 'Diagonal 33 #12-55'),
('Laura', 'Isabel', 'Rodríguez', 'Salazar', 'laura.rodriguez@example.com', 2, 1, '3124567890', 'Av. Principal 100-20'),
('Carlos', 'Andrés', 'Gómez', 'López', 'carlos.gomez@example.com', 3, 2, '3135678901', 'Calle 45 #67-89'),
('Paola', 'Andrea', 'Ramírez', 'Mora', 'paola.ramirez@example.com', 1, 4, '3146789012', 'Transversal 9 #21-34'),
('Jorge', 'Enrique', 'Vargas', 'Nieto', 'jorge.vargas@example.com', 2, 6, '3157890123', 'Carrera 12 #45-78'),
('María', 'Elena', 'Castaño', 'Buitrago', 'maria.castano@example.com', 3, 9, '3168901234', 'Circular 5 #90-11'),
('Camilo', 'Esteban', 'Ortiz', 'Arias', 'camilo.ortiz@example.com', 2, 7, '3179012345', 'Calle 89 #12-34'),
('Tatiana', 'Lucía', 'Suárez', 'Montoya', 'tatiana.suarez@example.com', 3, 10, '3180123456', 'Carrera 10 #76-65'),
('Andrés', 'Felipe', 'Salinas', 'Rincón', 'andres.salinas@example.com', 2, 11, '3191234567', 'Calle 12 #34-56'),
('Valentina', 'Fernanda', 'Mendoza', 'Zuluaga', 'valentina.mendoza@example.com', 3, 12, '3202345678', 'Carrera 5 #78-90'),
('Ricardo', 'José', 'Linares', 'Peña', 'ricardo.linares@example.com', 1, 13, '3213456789', 'Diagonal 10 #22-44'),
('Sandra', 'Patricia', 'Moreno', 'Quintero', 'sandra.moreno@example.com', 2, 14, '3224567890', 'Av. 30 #14-20'),
('Oscar', 'Iván', 'Navarro', 'García', 'oscar.navarro@example.com', 3, 15, '3235678901', 'Calle 67 #45-32'),
('Juliana', 'Natalia', 'Mejía', 'Castro', 'juliana.mejia@example.com', 2, 16, '3246789012', 'Carrera 9 #56-78'),
('Pedro', 'Alonso', 'Delgado', 'Reyes', 'pedro.delgado@example.com', 3, 17, '3257890123', 'Transversal 4 #89-10'),
('Carolina', 'Beatriz', 'García', 'Hoyos', 'carolina.garcia@example.com', 2, 18, '3268901234', 'Circular 12 #11-22'),
('Felipe', 'Antonio', 'Rojas', 'Valencia', 'felipe.rojas@example.com', 3, 19, '3279012345', 'Calle 23 #56-89'),
('Diana', 'Marcela', 'Patiño', 'Álvarez', 'diana.patino@example.com', 2, 20, '3280123456', 'Carrera 11 #10-20');

-- 6. detalles_proveedores (20 registros, relacionados con usuarios con rol proveedor)
INSERT INTO detalles_proveedores (id_usuario, nit, nombre_empresa, direccion, telefono, correo_electronico) VALUES
(3, '900123456-1', 'FerreMartínez', 'Diagonal 33 #12-55', '3113456789', 'contacto@ferremartinez.com'),
(5, '900234567-2', 'ElectroGómez', 'Calle 45 #67-89', '3135678901', 'ventas@electrogomez.com'),
(8, '900345678-3', 'HerramientasCastaño', 'Circular 5 #90-11', '3168901234', 'info@herrcastano.com'),
(10, '900456789-4', 'NeumáticasSuárez', 'Carrera 10 #76-65', '3180123456', 'contacto@neumaticas.com'),
(12, '900567890-5', 'MendozaTools', 'Carrera 5 #78-90', '3202345678', 'ventas@mendozatools.com'),
(15, '900678901-6', 'NavarroEquipos', 'Calle 67 #45-32', '3235678901', 'info@navarroequipos.com'),
(17, '900789012-7', 'DelgadoMaquinaria', 'Transversal 4 #89-10', '3257890123', 'contacto@delgadomaq.com'),
(19, '900890123-8', 'RojasFerretería', 'Calle 23 #56-89', '3279012345', 'ventas@rojasferreteria.com'),
(3, '901234567-9', 'MartínezSuministros', 'Diagonal 33 #12-55', '3113456789', 'suministros@martinez.com'),
(5, '901345678-0', 'GómezDistribuciones', 'Calle 45 #67-89', '3135678901', 'distribuciones@gomez.com'),
(8, '901456789-1', 'CastañoImportaciones', 'Circular 5 #90-11', '3168901234', 'importaciones@castano.com'),
(10, '901567890-2', 'SuárezHerramientas', 'Carrera 10 #76-65', '3180123456', 'herramientas@suarez.com'),
(12, '901678901-3', 'MendozaEquipos', 'Carrera 5 #78-90', '3202345678', 'equipos@mendoza.com'),
(15, '901789012-4', 'NavarroSuministros', 'Calle 67 #45-32', '3235678901', 'suministros@navarro.com'),
(17, '901890123-5', 'DelgadoHerramientas', 'Transversal 4 #89-10', '3257890123', 'herramientas@delgado.com'),
(19, '901901234-6', 'RojasDistribuciones', 'Calle 23 #56-89', '3279012345', 'distribuciones@rojas.com'),
(3, '902012345-7', 'FerreMartínez2', 'Diagonal 33 #12-55', '3113456789', 'ferre2@martinez.com'),
(5, '902123456-8', 'ElectroGómez2', 'Calle 45 #67-89', '3135678901', 'electro2@gomez.com'),
(8, '902234567-9', 'CastañoHerramientas2', 'Circular 5 #90-11', '3168901234', 'herramientas2@castano.com'),
(10, '902345678-0', 'NeumáticasSuárez2', 'Carrera 10 #76-65', '3180123456', 'neumaticas2@suarez.com');


INSERT INTO reportes_generales (id_usuario, fecha_reporte, ingreso, Herramienta_Mas_alquilado, Total_alquiler) VALUES
(1, '2025-01-01 10:00:00', 50000.00, 'Taladro Eléctrico', 10),
(2, '2025-01-02 12:00:00', 30000.00, 'Martillo Neumático', 8),
(3, '2025-01-03 14:00:00', 75000.00, 'Sierra Circular', 12),
(4, '2025-01-04 16:00:00', 20000.00, 'Destornillador', 5),
(5, '2025-01-05 18:00:00', 60000.00, 'Compresor', 15),
(6, '2025-01-06 20:00:00', 45000.00, 'Lijadora', 9),
(7, '2025-01-07 22:00:00', 35000.00, 'Taladro Eléctrico', 7),
(8, '2025-01-08 10:00:00', 80000.00, 'Martillo Neumático', 20),
(9, '2025-01-09 12:00:00', 25000.00, 'Sierra Circular', 6),
(10, '2025-01-10 14:00:00', 55000.00, 'Destornillador', 11),
(11, '2025-01-11 16:00:00', 40000.00, 'Compresor', 8),
(12, '2025-01-12 18:00:00', 65000.00, 'Lijadora', 13),
(13, '2025-01-13 20:00:00', 30000.00, 'Taladro Eléctrico', 7),
(14, '2025-01-14 22:00:00', 70000.00, 'Martillo Neumático', 14),
(15, '2025-01-15 10:00:00', 20000.00, 'Sierra Circular', 5),
(16, '2025-01-16 12:00:00', 50000.00, 'Destornillador', 10),
(17, '2025-01-17 14:00:00', 45000.00, 'Compresor', 9),
(18, '2025-01-18 16:00:00', 60000.00, 'Lijadora', 12),
(19, '2025-01-19 18:00:00', 35000.00, 'Taladro Eléctrico', 8),
(20, '2025-01-20 20:00:00', 75000.00, 'Martillo Neumático', 15);


INSERT INTO herramientas (nombre, id_categoria, id_estado, imagen_url) VALUES
('Taladro Eléctrico', 2, 1, 'http://example.com/taladro.jpg'),
('Martillo Neumático', 3, 2, 'http://example.com/martillo.jpg'),
('Sierra Circular', 2, 3, 'http://example.com/sierra.jpg'),
('Destornillador', 1, 4, 'http://example.com/destornillador.jpg'),
('Compresor', 3, 5, 'http://example.com/compresor.jpg'),
('Lijadora', 2, 6, 'http://example.com/lijadora.jpg'),
('Cincel', 1, 7, 'http://example.com/cincel.jpg'),
('Amoladora', 2, 8, 'http://example.com/amoladora.jpg'),
('Pistola de Clavos', 3, 9, 'http://example.com/pistola.jpg'),
('Llave Inglesa', 1, 10, 'http://example.com/llave.jpg'),
('Taladro Percutor', 2, 11, 'http://example.com/percutor.jpg'),
('Cortadora de Cerámica', 2, 12, 'http://example.com/cortadora.jpg'),
('Martillo', 1, 13, 'http://example.com/martillo2.jpg'),
('Pulidora', 2, 14, 'http://example.com/pulidora.jpg'),
('Soplador', 3, 15, 'http://example.com/soplador.jpg'),
('Alicate', 1, 16, 'http://example.com/alicate.jpg'),
('Esmeriladora', 2, 17, 'http://example.com/esmeriladora.jpg'),
('Pistola de Calor', 2, 18, 'http://example.com/pistola_calor.jpg'),
('Nivel', 1, 19, 'http://example.com/nivel.jpg'),
('Tijera de Poda', 1, 20, 'http://example.com/tijera.jpg');


INSERT INTO inventario (id_proveedor, fecha_actualizacion, Stock, id_herramienta) VALUES
(3, '2025-01-01 10:00:00', 10, 1),
(5, '2025-01-02 12:00:00', 8, 2),
(8, '2025-01-03 14:00:00', 12, 3),
(10, '2025-01-04 16:00:00', 5, 4),
(12, '2025-01-05 18:00:00', 15, 5),
(15, '2025-01-06 20:00:00', 9, 6),
(17, '2025-01-07 22:00:00', 7, 7),
(19, '2025-01-08 10:00:00', 20, 8),
(3, '2025-01-09 12:00:00', 6, 9),
(5, '2025-01-10 14:00:00', 11, 10),
(8, '2025-01-11 16:00:00', 8, 11),
(10, '2025-01-12 18:00:00', 13, 12),
(12, '2025-01-13 20:00:00', 7, 13),
(15, '2025-01-14 22:00:00', 14, 14),
(17, '2025-01-15 10:00:00', 5, 15),
(19, '2025-01-16 12:00:00', 10, 16),
(3, '2025-01-17 14:00:00', 9, 17),
(5, '2025-01-18 16:00:00', 12, 18),
(8, '2025-01-19 18:00:00', 8, 19),
(10, '2025-01-20 20:00:00', 15, 20);


INSERT INTO detalles_herramientas (id_herramienta, marca, modelo, precio_diario, descripcion) VALUES
(1, 'Bosch', 'GBH 2-26', 15000.00, 'Taladro eléctrico de alta potencia'),
(2, 'Makita', 'HM1810', 20000.00, 'Martillo neumático robusto'),
(3, 'DeWalt', 'DWE575SB', 18000.00, 'Sierra circular de precisión'),
(4, 'Stanley', 'STHT20138', 5000.00, 'Destornillador de punta fina'),
(5, 'Ingersoll Rand', '2135QXPA', 25000.00, 'Compresor de aire portátil'),
(6, 'Black+Decker', 'BDCSS18B', 12000.00, 'Lijadora orbital compacta'),
(7, 'Tramontina', 'PRO 1/2', 3000.00, 'Cincel de acero templado'),
(8, 'Bosch', 'GWS 13-125 CI', 16000.00, 'Amoladora angular'),
(9, 'Hitachi', 'CN16SA', 22000.00, 'Pistola de clavos neumática'),
(10, 'Bahco', '8224', 4000.00, 'Llave inglesa ajustable'),
(11, 'Makita', 'HR2470', 17000.00, 'Taladro percutor profesional'),
(12, 'Rubi', 'TX-700', 20000.00, 'Cortadora de cerámica manual'),
(13, 'Tramontina', 'PRO 1kg', 3500.00, 'Martillo de punta fina'),
(14, 'Metabo', 'WPB 12-125', 14000.00, 'Pulidora de alta velocidad'),
(15, 'Stihl', 'BR 200', 18000.00, 'Soplador de hojas portátil'),
(16, 'Klein Tools', '11055', 4500.00, 'Alicate de punta fina'),
(17, 'DeWalt', 'DWE4120', 15000.00, 'Esmeriladora compacta'),
(18, 'Wagner', 'HT400', 10000.00, 'Pistola de calor ajustable'),
(19, 'Starrett', 'L2-24', 6000.00, 'Nivel de burbuja de alta precisión'),
(20, 'Felco', 'F-2', 8000.00, 'Tijera de poda ergonómica');


INSERT INTO herramientas_mantenimientos (id_herramienta, fecha_mantenimiento, descripcion, costo) VALUES
(1, '2025-01-01 10:00:00', 'Cambio de escobillas', 5000.00),
(2, '2025-01-02 12:00:00', 'Limpieza de válvulas', 7000.00),
(3, '2025-01-03 14:00:00', 'Afilado de hoja', 6000.00),
(4, '2025-01-04 16:00:00', 'Revisión general', 2000.00),
(5, '2025-01-05 18:00:00', 'Cambio de filtros', 8000.00),
(6, '2025-01-06 20:00:00', 'Lubricación de motor', 4000.00),
(7, '2025-01-07 22:00:00', 'Reparación de punta', 3000.00),
(8, '2025-01-08 10:00:00', 'Cambio de disco', 6500.00),
(9, '2025-01-09 12:00:00', 'Revisión de gatillo', 5500.00),
(10, '2025-01-10 14:00:00', 'Ajuste de tuerca', 2500.00),
(11, '2025-01-11 16:00:00', 'Cambio de mandril', 7000.00),
(12, '2025-01-12 18:00:00', 'Alineación de guía', 6000.00),
(13, '2025-01-13 20:00:00', 'Reparación de mango', 3500.00),
(14, '2025-01-14 22:00:00', 'Cambio de escobillas', 5000.00),
(15, '2025-01-15 10:00:00', 'Limpieza de motor', 4500.00),
(16, '2025-01-16 12:00:00', 'Afilado de puntas', 3000.00),
(17, '2025-01-17 14:00:00', 'Cambio de cable', 5500.00),
(18, '2025-01-18 16:00:00', 'Revisión de resistencia', 4000.00),
(19, '2025-01-19 18:00:00', 'Ajuste de burbuja', 2500.00),
(20, '2025-01-20 20:00:00', 'Afilado de cuchillas', 3500.00);


INSERT INTO reservas (id_cliente, id_herramienta, fecha_inicio, fecha_fin, estado_de_reservacion, costo_total) VALUES
(2, 1, '2025-02-01', '2025-02-03', 'Confirmada', 30000.00),
(4, 2, '2025-02-02', '2025-02-04', 'Pendiente', 40000.00),
(7, 3, '2025-02-03', '2025-02-05', 'Confirmada', 36000.00),
(9, 4, '2025-02-04', '2025-02-06', 'Cancelada', 10000.00),
(11, 5, '2025-02-05', '2025-02-07', 'Confirmada', 50000.00),
(14, 6, '2025-02-06', '2025-02-08', 'Pendiente', 24000.00),
(16, 7, '2025-02-07', '2025-02-09', 'Confirmada', 6000.00),
(18, 8, '2025-02-08', '2025-02-10', 'Confirmada', 32000.00),
(20, 9, '2025-02-09', '2025-02-11', 'Pendiente', 44000.00),
(2, 10, '2025-02-10', '2025-02-12', 'Confirmada', 8000.00),
(4, 11, '2025-02-11', '2025-02-13', 'Confirmada', 34000.00),
(7, 12, '2025-02-12', '2025-02-14', 'Pendiente', 40000.00),
(9, 13, '2025-02-13', '2025-02-15', 'Confirmada', 7000.00),
(11, 14, '2025-02-14', '2025-02-16', 'Confirmada', 28000.00),
(14, 15, '2025-02-15', '2025-02-17', 'Pendiente', 36000.00),
(16, 16, '2025-02-16', '2025-02-18', 'Confirmada', 9000.00),
(18, 17, '2025-02-17', '2025-02-19', 'Confirmada', 30000.00),
(20, 18, '2025-02-18', '2025-02-20', 'Pendiente', 20000.00),
(2, 19, '2025-02-19', '2025-02-21', 'Confirmada', 12000.00),
(4, 20, '2025-02-20', '2025-02-22', 'Confirmada', 16000.00);


INSERT INTO alquiler (reserva_id, fecha_alquiler, fecha_esperada, estado, fecha_entrega) VALUES
(1, '2025-02-01', '2025-02-03', 'En curso', '2025-02-01 10:00:00'),
(2, '2025-02-02', '2025-02-04', 'Pendiente', '2025-02-02 12:00:00'),
(3, '2025-02-03', '2025-02-05', 'En curso', '2025-02-03 14:00:00'),
(4, '2025-02-04', '2025-02-06', 'Cancelado', '2025-02-04 16:00:00'),
(5, '2025-02-05', '2025-02-07', 'En curso', '2025-02-05 18:00:00'),
(6, '2025-02-06', '2025-02-08', 'Pendiente', '2025-02-06 20:00:00'),
(7, '2025-02-07', '2025-02-09', 'En curso', '2025-02-07 22:00:00'),
(8, '2025-02-08', '2025-02-10', 'En curso', '2025-02-08 10:00:00'),
(9, '2025-02-09', '2025-02-11', 'Pendiente', '2025-02-09 12:00:00'),
(10, '2025-02-10', '2025-02-12', 'En curso', '2025-02-10 14:00:00'),
(11, '2025-02-11', '2025-02-13', 'En curso', '2025-02-11 16:00:00'),
(12, '2025-02-12', '2025-02-14', 'Pendiente', '2025-02-12 18:00:00'),
(13, '2025-02-13', '2025-02-15', 'En curso', '2025-02-13 20:00:00'),
(14, '2025-02-14', '2025-02-16', 'En curso', '2025-02-14 22:00:00'),
(15, '2025-02-15', '2025-02-17', 'Pendiente', '2025-02-15 10:00:00'),
(16, '2025-02-16', '2025-02-18', 'En curso', '2025-02-16 12:00:00'),
(17, '2025-02-17', '2025-02-19', 'En curso', '2025-02-17 14:00:00'),
(18, '2025-02-18', '2025-02-20', 'Pendiente', '2025-02-18 16:00:00'),
(19, '2025-02-19', '2025-02-21', 'En curso', '2025-02-19 18:00:00'),
(20, '2025-02-20', '2025-02-22', 'En curso', '2025-02-20 20:00:00');


INSERT INTO devoluciones (id_alquiler, fecha_devolucion, estado_herramienta, comentarios) VALUES
(1, '2025-02-03 10:00:00', 'Bueno', 'Sin observaciones'),
(2, '2025-02-04 12:00:00', 'Dañado', 'Falta una pieza'),
(3, '2025-02-05 14:00:00', 'Bueno', 'Funciona correctamente'),
(4, '2025-02-06 16:00:00', 'Cancelado', 'No se entregó'),
(5, '2025-02-07 18:00:00', 'Bueno', 'Sin observaciones'),
(6, '2025-02-08 20:00:00', 'Dañado', 'Motor sobrecalentado'),
(7, '2025-02-09 22:00:00', 'Bueno', 'Sin observaciones'),
(8, '2025-02-10 10:00:00', 'Bueno', 'Funciona correctamente'),
(9, '2025-02-11 12:00:00', 'Dañado', 'Carcasa rota'),
(10, '2025-02-12 14:00:00', 'Bueno', 'Sin observaciones'),
(11, '2025-02-13 16:00:00', 'Bueno', 'Funciona correctamente'),
(12, '2025-02-14 18:00:00', 'Dañado', 'Cable cortado'),
(13, '2025-02-15 20:00:00', 'Bueno', 'Sin observaciones'),
(14, '2025-02-16 22:00:00', 'Bueno', 'Funciona correctamente'),
(15, '2025-02-17 10:00:00', 'Dañado', 'Fallo en el gatillo'),
(16, '2025-02-18 12:00:00', 'Bueno', 'Sin observaciones'),
(17, '2025-02-19 14:00:00', 'Bueno', 'Funciona correctamente'),
(18, '2025-02-20 16:00:00', 'Dañado', 'Pérdida de potencia'),
(19, '2025-02-21 18:00:00', 'Bueno', 'Sin observaciones'),
(20, '2025-02-22 20:00:00', 'Bueno', 'Funciona correctamente');


INSERT INTO multas_daños (id_reserva, descripcion, costo, fecha_registro) VALUES
(1, 'Sin daños', 0.00, '2025-02-03 10:00:00'),
(2, 'Pérdida de pieza', 5000.00, '2025-02-04 12:00:00'),
(3, 'Sin daños', 0.00, '2025-02-05 14:00:00'),
(4, 'Cancelación', 0.00, '2025-02-06 16:00:00'),
(5, 'Sin daños', 0.00, '2025-02-07 18:00:00'),
(6, 'Sobrecalentamiento motor', 8000.00, '2025-02-08 20:00:00'),
(7, 'Sin daños', 0.00, '2025-02-09 22:00:00'),
(8, 'Sin daños', 0.00, '2025-02-10 10:00:00'),
(9, 'Carcasa rota', 6000.00, '2025-02-11 12:00:00'),
(10, 'Sin daños', 0.00, '2025-02-12 14:00:00'),
(11, 'Sin daños', 0.00, '2025-02-13 16:00:00'),
(12, 'Cable cortado', 4000.00, '2025-02-14 18:00:00'),
(13, 'Sin daños', 0.00, '2025-02-15 20:00:00'),
(14, 'Sin daños', 0.00, '2025-02-16 22:00:00'),
(15, 'Fallo en gatillo', 7000.00, '2025-02-17 10:00:00'),
(16, 'Sin daños', 0.00, '2025-02-18 12:00:00'),
(17, 'Sin daños', 0.00, '2025-02-19 14:00:00'),
(18, 'Pérdida de potencia', 9000.00, '2025-02-20 16:00:00'),
(19, 'Sin daños', 0.00, '2025-02-21 18:00:00'),
(20, 'Sin daños', 0.00, '2025-02-22 20:00:00');


INSERT INTO formas_de_pago (Metodo_pago) VALUES
('Tarjeta de Crédito'),
('Tarjeta de Débito'),
('Transferencia Bancaria'),
('Efectivo'),
('PayPal'),
('Nequi'),
('DaviPlata'),
('PSE'),
('Bitcoin'),
('Ethereum'),
('Visa'),
('MasterCard'),
('American Express'),
('Diners Club'),
('Discover'),
('JCB'),
('UnionPay'),
('Maestro'),
('Bancolombia QR'),
('Mercado Pago');


INSERT INTO pagos (id_estado, id_reserva, id_forma_pago, monto, fecha_pago) VALUES
(15, 1, 1, 30000.00, '2025-02-01 10:00:00'),
(15, 2, 2, 40000.00, '2025-02-02 12:00:00'),
(15, 3, 3, 36000.00, '2025-02-03 14:00:00'),
(16, 4, 4, 10000.00, '2025-02-04 16:00:00'),
(15, 5, 5, 50000.00, '2025-02-05 18:00:00'),
(15, 6, 6, 24000.00, '2025-02-06 20:00:00'),
(15, 7, 7, 6000.00, '2025-02-07 22:00:00'),
(15, 8, 8, 32000.00, '2025-02-08 10:00:00'),
(15, 9, 9, 44000.00, '2025-02-09 12:00:00'),
(15, 10, 10, 8000.00, '2025-02-10 14:00:00'),
(15, 11, 11, 34000.00, '2025-02-11 16:00:00'),
(15, 12, 12, 40000.00, '2025-02-12 18:00:00'),
(15, 13, 13, 7000.00, '2025-02-13 20:00:00'),
(15, 14, 14, 28000.00, '2025-02-14 22:00:00'),
(15, 15, 15, 36000.00, '2025-02-15 10:00:00'),
(15, 16, 16, 9000.00, '2025-02-16 12:00:00'),
(15, 17, 17, 30000.00, '2025-02-17 14:00:00'),
(15, 18, 18, 20000.00, '2025-02-18 16:00:00'),
(15, 19, 19, 12000.00, '2025-02-19 18:00:00'),
(15, 20, 20, 16000.00, '2025-02-20 20:00:00');


INSERT INTO facturas (id_pago, numero_factura, fecha, monto_total) VALUES
(1, 'FAC001', '2025-02-01 10:00:00', 30000.00),
(2, 'FAC002', '2025-02-02 12:00:00', 40000.00),
(3, 'FAC003', '2025-02-03 14:00:00', 36000.00),
(4, 'FAC004', '2025-02-04 16:00:00', 10000.00),
(5, 'FAC005', '2025-02-05 18:00:00', 50000.00),
(6, 'FAC006', '2025-02-06 20:00:00', 24000.00),
(7, 'FAC007', '2025-02-07 22:00:00', 6000.00),
(8, 'FAC008', '2025-02-08 10:00:00', 32000.00),
(9, 'FAC009', '2025-02-09 12:00:00', 44000.00),
(10, 'FAC010', '2025-02-10 14:00:00', 8000.00),
(11, 'FAC011', '2025-02-11 16:00:00', 34000.00),
(12, 'FAC012', '2025-02-12 18:00:00', 40000.00),
(13, 'FAC013', '2025-02-13 20:00:00', 7000.00),
(14, 'FAC014', '2025-02-14 22:00:00', 28000.00),
(15, 'FAC015', '2025-02-15 10:00:00', 36000.00),
(16, 'FAC016', '2025-02-16 12:00:00', 9000.00),
(17, 'FAC017', '2025-02-17 14:00:00', 30000.00),
(18, 'FAC018', '2025-02-18 16:00:00', 20000.00),
(19, 'FAC019', '2025-02-19 18:00:00', 12000.00),
(20, 'FAC020', '2025-02-20 20:00:00', 16000.00);


INSERT INTO detalles_factura (id_factura, Cantidad, descripcion, monto_unitario) VALUES
(1, 2, 'Alquiler de Taladro Eléctrico', 15000.00),
(2, 2, 'Alquiler de Martillo Neumático', 20000.00),
(3, 2, 'Alquiler de Sierra Circular', 18000.00),
(4, 2, 'Alquiler de Destornillador', 5000.00),
(5, 2, 'Alquiler de Compresor', 25000.00),
(6, 2, 'Alquiler de Lijadora', 12000.00),
(7, 2, 'Alquiler de Cincel', 3000.00),
(8, 2, 'Alquiler de Amoladora', 16000.00),
(9, 2, 'Alquiler de Pistola de Clavos', 22000.00),
(10, 2, 'Alquiler de Llave Inglesa', 4000.00),
(11, 2, 'Alquiler de Taladro Percutor', 17000.00),
(12, 2, 'Alquiler de Cortadora de Cerámica', 20000.00),
(13, 2, 'Alquiler de Martillo', 3500.00),
(14, 2, 'Alquiler de Pulidora', 14000.00),
(15, 2, 'Alquiler de Soplador', 18000.00),
(16, 2, 'Alquiler de Alicate', 4500.00),
(17, 2, 'Alquiler de Esmeriladora', 15000.00),
(18, 2, 'Alquiler de Pistola de Calor', 10000.00),
(19, 2, 'Alquiler de Nivel', 6000.00),
(20, 2, 'Alquiler de Tijera de Poda', 8000.00);


INSERT INTO notificaciones (id_usuario, id_alquiler, mensaje, fecha_envio, leida) VALUES
(2, 1, 'Su alquiler ha sido confirmado.', '2025-02-01 10:00:00', FALSE),
(4, 2, 'Su alquiler está pendiente.', '2025-02-02 12:00:00', TRUE),
(7, 3, 'Su alquiler ha sido confirmado.', '2025-02-03 14:00:00', FALSE),
(9, 4, 'Su alquiler ha sido cancelado.', '2025-02-04 16:00:00', TRUE),
(11, 5, 'Su alquiler ha sido confirmado.', '2025-02-05 18:00:00', FALSE),
(14, 6, 'Su alquiler está pendiente.', '2025-02-06 20:00:00', TRUE),
(16, 7, 'Su alquiler ha sido confirmado.', '2025-02-07 22:00:00', FALSE),
(18, 8, 'Su alquiler ha sido confirmado.', '2025-02-08 10:00:00', TRUE),
(20, 9, 'Su alquiler está pendiente.', '2025-02-09 12:00:00', FALSE),
(2, 10, 'Su alquiler ha sido confirmado.', '2025-02-10 14:00:00', TRUE),
(4, 11, 'Su alquiler ha sido confirmado.', '2025-02-11 16:00:00', FALSE),
(7, 12, 'Su alquiler está pendiente.', '2025-02-12 18:00:00', TRUE),
(9, 13, 'Su alquiler ha sido confirmado.', '2025-02-13 20:00:00', FALSE),
(11, 14, 'Su alquiler ha sido confirmado.', '2025-02-14 22:00:00', TRUE),
(14, 15, 'Su alquiler está pendiente.', '2025-02-15 10:00:00', FALSE),
(16, 16, 'Su alquiler ha sido confirmado.', '2025-02-16 12:00:00', TRUE),
(18, 17, 'Su alquiler ha sido confirmado.', '2025-02-17 14:00:00', FALSE),
(20, 18, 'Su alquiler está pendiente.', '2025-02-18 16:00:00', TRUE),
(2, 19, 'Su alquiler ha sido confirmado.', '2025-02-19 18:00:00', FALSE),
(4, 20, 'Su alquiler ha sido confirmado.', '2025-02-20 20:00:00', TRUE);


INSERT INTO entregas (estado, id_alquiler, direccion_entrega, fecha_entrega, costo_entrega) VALUES
('Entregado', 1, 'Calle 10 #23-45', '2025-02-01 10:00:00', 5000.00),
('Pendiente', 2, 'Carrera 7 #89-12', '2025-02-02 12:00:00', 5000.00),
('Entregado', 3, 'Diagonal 33 #12-55', '2025-02-03 14:00:00', 5000.00),
('Cancelado', 4, 'Av. Principal 100-20', '2025-02-04 16:00:00', 0.00),
('Entregado', 5, 'Calle 45 #67-89', '2025-02-05 18:00:00', 5000.00),
('Pendiente', 6, 'Transversal 9 #21-34', '2025-02-06 20:00:00', 5000.00),
('Entregado', 7, 'Carrera 12 #45-78', '2025-02-07 22:00:00', 5000.00),
('Entregado', 8, 'Circular 5 #90-11', '2025-02-08 10:00:00', 5000.00),
('Pendiente', 9, 'Calle 89 #12-34', '2025-02-09 12:00:00', 5000.00),
('Entregado', 10, 'Carrera 10 #76-65', '2025-02-10 14:00:00', 5000.00),
('Entregado', 11, 'Calle 12 #34-56', '2025-02-11 16:00:00', 5000.00),
('Pendiente', 12, 'Carrera 5 #78-90', '2025-02-12 18:00:00', 5000.00),
('Entregado', 13, 'Diagonal 10 #22-44', '2025-02-13 20:00:00', 5000.00),
('Entregado', 14, 'Av. 30 #14-20', '2025-02-14 22:00:00', 5000.00),
('Pendiente', 15, 'Calle 67 #45-32', '2025-02-15 10:00:00', 5000.00),
('Entregado', 16, 'Carrera 9 #56-78', '2025-02-16 12:00:00', 5000.00),
('Entregado', 17, 'Transversal 4 #89-10', '2025-02-17 14:00:00', 5000.00),
('Pendiente', 18, 'Circular 12 #11-22', '2025-02-18 16:00:00', 5000.00),
('Entregado', 19, 'Calle 23 #56-89', '2025-02-19 18:00:00', 5000.00),
('Entregado', 20, 'Carrera 11 #10-20', '2025-02-20 20:00:00', 5000.00);